{"cameraMode":{"drawMode":0,"name":"Shaded","section":"Shading Mode"},"sceneLighting":false,"audioPlay":false,"sceneViewState":{"showFog":true,"showMaterialUpdate":false,"showSkybox":false,"showFlares":true,"showImageEffects":true,"showParticleSystems":true},"in2DMode":false,"pivot":{"x":35.87307357788086,"y":-9.732109069824219,"z":-17.88210678100586},"rotation":{"x":0.24729803204536439,"y":0.04706502705812454,"z":0.012028150260448456,"w":-0.9677287340164185},"size":5.048906326293945,"orthographic":false}