{"cameraMode":{"drawMode":0,"name":"Shaded","section":"Shading Mode"},"sceneLighting":true,"audioPlay":false,"sceneViewState":{"showFog":true,"showMaterialUpdate":false,"showSkybox":true,"showFlares":true,"showImageEffects":true,"showParticleSystems":true},"in2DMode":false,"pivot":{"x":-0.28999996185302737,"y":0.8399999141693115,"z":1.7400000095367432},"rotation":{"x":-0.16750875115394593,"y":0.010939368046820164,"z":-0.0018659484339877964,"w":-0.9858307838439941},"size":2.36602520942688,"orthographic":false}