{"cameraMode":{"drawMode":0,"name":"Shaded","section":"Shading Mode"},"sceneLighting":false,"audioPlay":false,"sceneViewState":{"showFog":true,"showMaterialUpdate":false,"showSkybox":false,"showFlares":true,"showImageEffects":true,"showParticleSystems":true},"in2DMode":false,"pivot":{"x":-0.0203000009059906,"y":0.0,"z":-0.019700001925230027},"rotation":{"x":0.3177145719528198,"y":-0.40282803773880007,"z":-0.15151534974575044,"w":-0.84491366147995},"size":0.028722763061523439,"orthographic":false}