{"cameraMode":{"drawMode":0,"name":"Shaded","section":"Shading Mode"},"sceneLighting":true,"audioPlay":false,"sceneViewState":{"showFog":true,"showMaterialUpdate":false,"showSkybox":true,"showFlares":true,"showImageEffects":true,"showParticleSystems":true},"in2DMode":false,"pivot":{"x":1.0325772762298585,"y":0.915076494216919,"z":-1.1025669574737549},"rotation":{"x":-0.28306570649147036,"y":-0.31457245349884035,"z":-0.09886745363473892,"w":0.9007019996643066},"size":1.2821729183197022,"orthographic":true}