{"cameraMode":{"drawMode":0,"name":"Shaded","section":"Shading Mode"},"sceneLighting":true,"audioPlay":false,"sceneViewState":{"showFog":true,"showMaterialUpdate":false,"showSkybox":true,"showFlares":true,"showImageEffects":true,"showParticleSystems":true},"in2DMode":false,"pivot":{"x":0.8319647312164307,"y":1.3596630096435547,"z":-1.2179491519927979},"rotation":{"x":0.043658189475536349,"y":0.9320670366287231,"z":-0.11943097412586212,"w":0.3393605351448059},"size":0.3756546676158905,"orthographic":true}