{"cameraMode":{"drawMode":0,"name":"Shaded","section":"Shading Mode"},"sceneLighting":false,"audioPlay":false,"sceneViewState":{"showFog":true,"showMaterialUpdate":false,"showSkybox":false,"showFlares":true,"showImageEffects":true,"showParticleSystems":true},"in2DMode":false,"pivot":{"x":457.8000183105469,"y":311.70001220703127,"z":-0.0299999862909317},"rotation":{"x":0.1955118030309677,"y":-0.3449688255786896,"z":0.0737413689494133,"w":0.915099561214447},"size":99.2551498413086,"orthographic":true}