{"cameraMode":{"drawMode":0,"name":"Shaded","section":"Shading Mode"},"sceneLighting":true,"audioPlay":false,"sceneViewState":{"showFog":true,"showMaterialUpdate":false,"showSkybox":true,"showFlares":true,"showImageEffects":true,"showParticleSystems":true},"in2DMode":false,"pivot":{"x":1.1535249948501588,"y":0.9582949876785278,"z":-0.9854613542556763},"rotation":{"x":0.07776375859975815,"y":-0.6705524325370789,"z":0.07100830972194672,"w":0.7343758940696716},"size":1.4339404106140137,"orthographic":true}