{"cameraMode":{"drawMode":0,"name":"Shaded","section":"Shading Mode"},"sceneLighting":true,"audioPlay":false,"sceneViewState":{"showFog":true,"showMaterialUpdate":false,"showSkybox":true,"showFlares":true,"showImageEffects":true,"showParticleSystems":true},"in2DMode":false,"pivot":{"x":0.817210853099823,"y":0.7866692543029785,"z":-1.3596456050872803},"rotation":{"x":0.15230490267276765,"y":-0.3481338322162628,"z":0.05743178725242615,"w":0.9232115745544434},"size":0.20807424187660218,"orthographic":true}