{"cameraMode":{"drawMode":0,"name":"Shaded","section":"Shading Mode"},"sceneLighting":false,"audioPlay":false,"sceneViewState":{"showFog":true,"showMaterialUpdate":false,"showSkybox":false,"showFlares":true,"showImageEffects":true,"showParticleSystems":true},"in2DMode":false,"pivot":{"x":0.8791199922561646,"y":1.39103364944458,"z":6.124801158905029},"rotation":{"x":0.0031257758382707836,"y":-0.9941088557243347,"z":0.029832202941179277,"w":0.10416193306446076},"size":2.6927528381347658,"orthographic":true}