{"cameraMode":{"drawMode":0,"name":"Shaded","section":"Shading Mode"},"sceneLighting":false,"audioPlay":false,"sceneViewState":{"showFog":true,"showMaterialUpdate":false,"showSkybox":false,"showFlares":true,"showImageEffects":true,"showParticleSystems":true},"in2DMode":false,"pivot":{"x":-0.00021232664585113525,"y":0.40262162685394289,"z":-0.004256144165992737},"rotation":{"x":0.18515704572200776,"y":-0.3665473163127899,"z":0.07468294352293015,"w":0.90873783826828},"size":0.7970702052116394,"orthographic":true}