{"cameraMode":{"drawMode":0,"name":"Shaded","section":"Shading Mode"},"sceneLighting":true,"audioPlay":false,"sceneViewState":{"showFog":true,"showMaterialUpdate":false,"showSkybox":true,"showFlares":true,"showImageEffects":true,"showParticleSystems":true},"in2DMode":false,"pivot":{"x":1.0325772762298585,"y":0.915076494216919,"z":-1.1025669574737549},"rotation":{"x":0.21303804218769074,"y":-0.3965224623680115,"z":0.09520075470209122,"w":0.8879384398460388},"size":0.11246325075626373,"orthographic":true}