{"cameraMode":{"drawMode":0,"name":"Shaded","section":"Shading Mode"},"sceneLighting":true,"audioPlay":false,"sceneViewState":{"showFog":true,"showMaterialUpdate":false,"showSkybox":true,"showFlares":true,"showImageEffects":true,"showParticleSystems":true},"in2DMode":false,"pivot":{"x":0.0,"y":1.243383765220642,"z":-1.0478129386901856},"rotation":{"x":0.1577129364013672,"y":-0.4655448794364929,"z":0.08473340421915055,"w":0.8667548894882202},"size":0.44196832180023196,"orthographic":true}