{"cameraMode":{"drawMode":0,"name":"Shaded","section":"Shading Mode"},"sceneLighting":true,"audioPlay":false,"sceneViewState":{"showFog":true,"showMaterialUpdate":false,"showSkybox":true,"showFlares":true,"showImageEffects":true,"showParticleSystems":true},"in2DMode":false,"pivot":{"x":1.175854206085205,"y":0.8277448415756226,"z":-1.0125181674957276},"rotation":{"x":0.17491495609283448,"y":-0.3760344684123993,"z":0.07251536101102829,"w":0.907058596611023},"size":0.37970536947250368,"orthographic":true}