{"cameraMode":{"drawMode":0,"name":"Shaded","section":"Shading Mode"},"sceneLighting":true,"audioPlay":false,"sceneViewState":{"showFog":true,"showMaterialUpdate":false,"showSkybox":true,"showFlares":true,"showImageEffects":true,"showParticleSystems":true},"in2DMode":false,"pivot":{"x":0.9770656824111939,"y":1.0769398212432862,"z":-1.1480097770690919},"rotation":{"x":0.14541873335838319,"y":-0.523389995098114,"z":0.09119166433811188,"w":0.8346308469772339},"size":0.47200703620910647,"orthographic":true}